{
  "horizon": 12,
  "priceSchema": [
    0.198,
    0.198,
    0.198,
    0.198,
    0.225,
    0.225,
    0.249,
    0.849,
    0.849,
    0.225,
    0.225,
    0.198
  ],
  "agents": {
    "home_7": {
      "neighbors": [
        "home_1",
        "home_2",
        "home_3",
        "home_4",
        "home_5",
        "home_6",
        "home_8",
        "home_9",
        "home_10"
      ],
      "backgroundLoad": [
        0.12954736877148917,
        0.18561176820231481,
        0.21661033352956913,
        0.1542978906266142,
        0.08233616150467922,
        0.19500910802715182,
        0.10834330226435113,
        0.2793062335835202,
        0.01541867712617998,
        0.19943764726426752,
        0.09351948528850423,
        0.08613678248329278
      ],
      "rules": [
        "1 LG_WM2016CW laundry_wash eq 1 before 10",
        "0 LG_WM2016CW laundry_wash geq 0",
        "0 LG_WM2016CW laundry_wash leq 1",
        "1 GE_WSM2420D3WW laundry_dry eq 2 before 3",
        "0 GE_WSM2420D3WW laundry_dry geq 0",
        "0 GE_WSM2420D3WW laundry_dry leq 2",
        "1 Kenmore_665.13242K900 dish_wash eq 2 after 4",
        "0 Kenmore_665.13242K900 dish_wash geq 0",
        "0 Kenmore_665.13242K900 dish_wash leq 2",
        "1 Kenmore_790.91312013 bake eq 1 at 8",
        "0 Kenmore_790.91312013 bake geq 0",
        "0 Kenmore_790.91312013 bake leq 1",
        "1 water_tank water_temp geq 27 within 2 7",
        "1 water_tank water_temp leq 40 within 2 7",
        "0 water_tank water_temp geq 18",
        "0 water_tank water_temp leq 50"
      ]
    },
    "home_6": {
      "neighbors": [
        "home_1",
        "home_2",
        "home_3",
        "home_4",
        "home_5",
        "home_7",
        "home_8",
        "home_9",
        "home_10"
      ],
      "backgroundLoad": [
        0.19859925441080312,
        0.10108116972817888,
        0.15611820007807264,
        0.052796865688108915,
        0.04584786407911249,
        0.06422309869020444,
        0.23858901655915066,
        0.05654613782871358,
        0.1951012456795987,
        0.25491375653642545,
        0.2471207603181811,
        0.28743221052627804
      ],
      "rules": [
        "1 LG_WM2016CW laundry_wash eq 2 before 6",
        "0 LG_WM2016CW laundry_wash geq 0",
        "0 LG_WM2016CW laundry_wash leq 2",
        "1 GE_WSM2420D3WW laundry_dry eq 2 before 4",
        "0 GE_WSM2420D3WW laundry_dry geq 0",
        "0 GE_WSM2420D3WW laundry_dry leq 2",
        "1 Kenmore_665.13242K900 dish_wash eq 2 before 6",
        "0 Kenmore_665.13242K900 dish_wash geq 0",
        "0 Kenmore_665.13242K900 dish_wash leq 2",
        "1 Kenmore_790.91312013 bake eq 1 at 7",
        "0 Kenmore_790.91312013 bake geq 0",
        "0 Kenmore_790.91312013 bake leq 1",
        "1 water_tank water_temp geq 29 within 3 9",
        "1 water_tank water_temp leq 44 within 3 9",
        "0 water_tank water_temp geq 18",
        "0 water_tank water_temp leq 50"
      ]
    },
    "home_5": {
      "neighbors": [
        "home_1",
        "home_2",
        "home_3",
        "home_4",
        "home_6",
        "home_7",
        "home_8",
        "home_9",
        "home_10"
      ],
      "backgroundLoad": [
        0.2596649563954371,
        0.24844055388175024,
        0.13065575451127,
        0.2679056088601108,
        0.023013998642802933,
        0.21839175669141553,
        0.17071480013849294,
        0.19138961961689602,
        0.29813384060359854,
        0.0712992481603625,
        0.07437733193027751,
        0.14646264761087296
      ],
      "rules": [
        "1 LG_WM2016CW laundry_wash eq 1 before 3",
        "0 LG_WM2016CW laundry_wash geq 0",
        "0 LG_WM2016CW laundry_wash leq 1",
        "1 GE_WSM2420D3WW laundry_dry eq 3 before 6",
        "0 GE_WSM2420D3WW laundry_dry geq 0",
        "0 GE_WSM2420D3WW laundry_dry leq 3",
        "1 Kenmore_665.13242K900 dish_wash eq 2 after 8",
        "0 Kenmore_665.13242K900 dish_wash geq 0",
        "0 Kenmore_665.13242K900 dish_wash leq 2",
        "1 Kenmore_790.91312013 bake eq 3 at 6",
        "0 Kenmore_790.91312013 bake geq 0",
        "0 Kenmore_790.91312013 bake leq 3",
        "1 water_tank water_temp geq 27 within 2 12",
        "1 water_tank water_temp leq 45 within 2 12",
        "0 water_tank water_temp geq 18",
        "0 water_tank water_temp leq 50"
      ]
    },
    "home_4": {
      "neighbors": [
        "home_1",
        "home_2",
        "home_3",
        "home_5",
        "home_6",
        "home_7",
        "home_8",
        "home_9",
        "home_10"
      ],
      "backgroundLoad": [
        0.051177823515907106,
        0.2833966196600924,
        0.18661010794415775,
        0.11875617762336473,
        0.1640389598432473,
        0.2742877963326878,
        0.11960622113551908,
        0.06353451877170688,
        0.13816647612896152,
        0.1092709918029423,
        0.03407219530514092,
        0.08423746587648924
      ],
      "rules": [
        "1 LG_WM2016CW laundry_wash eq 1 before 4",
        "0 LG_WM2016CW laundry_wash geq 0",
        "0 LG_WM2016CW laundry_wash leq 1",
        "1 GE_WSM2420D3WW laundry_dry eq 2 before 11",
        "0 GE_WSM2420D3WW laundry_dry geq 0",
        "0 GE_WSM2420D3WW laundry_dry leq 2",
        "1 Kenmore_665.13242K900 dish_wash eq 1 before 9",
        "0 Kenmore_665.13242K900 dish_wash geq 0",
        "0 Kenmore_665.13242K900 dish_wash leq 1",
        "1 Kenmore_790.91312013 bake eq 1 at 5",
        "0 Kenmore_790.91312013 bake geq 0",
        "0 Kenmore_790.91312013 bake leq 1",
        "1 water_tank water_temp geq 30 within 5 11",
        "1 water_tank water_temp leq 42 within 5 11",
        "0 water_tank water_temp geq 18",
        "0 water_tank water_temp leq 50"
      ]
    },
    "home_3": {
      "neighbors": [
        "home_1",
        "home_2",
        "home_4",
        "home_5",
        "home_6",
        "home_7",
        "home_8",
        "home_9",
        "home_10"
      ],
      "backgroundLoad": [
        0.07500281663261588,
        0.05564358517411002,
        0.21048830650145503,
        0.184656827341839,
        0.036301492232532574,
        0.1360310543706408,
        0.06814698738222061,
        0.2413598019029357,
        0.25769570744689735,
        0.2596972916050875,
        0.09378307183397595,
        0.11659140796024
      ],
      "rules": [
        "1 LG_WM2016CW laundry_wash eq 2 before 11",
        "0 LG_WM2016CW laundry_wash geq 0",
        "0 LG_WM2016CW laundry_wash leq 2",
        "1 GE_WSM2420D3WW laundry_dry eq 2 before 8",
        "0 GE_WSM2420D3WW laundry_dry geq 0",
        "0 GE_WSM2420D3WW laundry_dry leq 2",
        "1 Kenmore_665.13242K900 dish_wash eq 1 before 4",
        "0 Kenmore_665.13242K900 dish_wash geq 0",
        "0 Kenmore_665.13242K900 dish_wash leq 1",
        "1 Kenmore_790.91312013 bake eq 2 at 6",
        "0 Kenmore_790.91312013 bake geq 0",
        "0 Kenmore_790.91312013 bake leq 2",
        "1 water_tank water_temp geq 29 within 6 12",
        "1 water_tank water_temp leq 45 within 6 12",
        "0 water_tank water_temp geq 18",
        "0 water_tank water_temp leq 50"
      ]
    },
    "home_2": {
      "neighbors": [
        "home_1",
        "home_3",
        "home_4",
        "home_5",
        "home_6",
        "home_7",
        "home_8",
        "home_9",
        "home_10"
      ],
      "backgroundLoad": [
        0.1220861704150243,
        0.013548344879734097,
        0.15017033299397003,
        0.018808093675102586,
        0.01849560068892959,
        0.043111833821168566,
        0.2832531340400755,
        0.1693627478439017,
        0.03488962704445487,
        0.18710740163480025,
        0.11077507314002186,
        0.29090955468909585
      ],