{
  "horizon": 12,
  "priceSchema": [
    0.198,
    0.198,
    0.198,
    0.198,
    0.225,
    0.225,
    0.249,
    0.849,
    0.849,
    0.225,
    0.225,
    0.198
  ],
  "agents": {"home_1": {
    "neighbors": [],
    "backgroundLoad": [
      0.1573456237387096,
      0.19841602988994522,
      0.23656448973097904,
      0.18913648206112324,
      0.23357221647333495,
      0.0867182745003088,
      0.04485611578959787,
      0.04964201871659058,
      0.14391785917447691,
      0.20003977523212937,
      0.038844367937279356,
      0.2539533072882163
    ],
    "rules": [
      "1 LG_WM2016CW laundry_wash eq 2 before 5",
      "0 LG_WM2016CW laundry_wash geq 0",
      "0 LG_WM2016CW laundry_wash leq 2",
      "1 GE_WSM2420D3WW laundry_dry eq 3 before 8",
      "0 GE_WSM2420D3WW laundry_dry geq 0",
      "0 GE_WSM2420D3WW laundry_dry leq 3",
      "1 Kenmore_665.13242K900 dish_wash eq 1 after 8",
      "0 Kenmore_665.13242K900 dish_wash geq 0",
      "0 Kenmore_665.13242K900 dish_wash leq 1",
      "1 Kenmore_790.91312013 bake eq 2 at 5",
      "0 Kenmore_790.91312013 bake geq 0",
      "0 Kenmore_790.91312013 bake leq 2",
      "1 water_tank water_temp geq 26 within 6 12",
      "1 water_tank water_temp leq 42 within 6 12",
      "0 water_tank water_temp geq 18",
      "0 water_tank water_temp leq 50",
      "1 Tesla_S charge geq 80 after 6",
      "0 Tesla_S charge geq 0",
      "0 Tesla_S charge leq 100",
      "1 room temperature_heat geq 25 within 6 9",
      "1 room temperature_heat leq 30 within 6 9",
      "0 room temperature_heat geq 18",
      "0 room temperature_heat leq 50",
      "1 room cleanliness geq 93 before 11",
      "0 room cleanliness geq 0",
      "0 room cleanliness leq 100"
    ]
  }}
}